{"cameraMode":{"drawMode":0,"name":"Shaded","section":"Shading Mode"},"sceneLighting":false,"audioPlay":false,"sceneViewState":{"m_AlwaysRefresh":false,"showFog":true,"showSkybox":false,"showFlares":true,"showImageEffects":true,"showParticleSystems":true,"showVisualEffectGraphs":true,"m_FxEnabled":true},"in2DMode":false,"pivot":{"x":-2.8343276977539064,"y":-0.41268062591552737,"z":-0.7876904010772705},"rotation":{"x":0.44777971506118777,"y":-0.43922731280326846,"z":0.26858940720558169,"w":0.7312015295028687},"size":13.526264190673829,"orthographic":false}