{"cameraMode":{"drawMode":0,"name":"Shaded","section":"Shading Mode"},"sceneLighting":false,"audioPlay":false,"sceneViewState":{"m_AlwaysRefresh":false,"showFog":true,"showSkybox":false,"showFlares":true,"showImageEffects":true,"showParticleSystems":true,"showVisualEffectGraphs":true,"m_FxEnabled":true},"in2DMode":false,"pivot":{"x":-0.04999995231628418,"y":23.818456649780275,"z":11.685558319091797},"rotation":{"x":0.5175913572311401,"y":-0.04568180441856384,"z":0.02733555994927883,"w":0.8541015386581421},"size":2.9722604751586916,"orthographic":false}